name	size	data_type
How_to基本的なHTMLでwebサイトをハッキングする	1	dev
How_to犬の捻挫に対処する	2	dev
How_toスピーディーに学ぶ	4	dev
How_to地震後の対応	3	dev
How_to好きな女性と話す	2	dev
How_toホウ砂なしでふわふわスライムを作る	1	dev
How_toイチジクを食べる	3	dev
How_toジーパンをショートパンツにリメイクする	4	dev
How_to自立した芯の強い女性になる	6	dev
How_to注目されたい大人に対処する	3	dev
How_toMicrosoft_Wordでパンフレットを作る	4	dev
How_to女の子から電話番号を聞き出す	3	dev
How_toカホンを作る	3	dev
How_toカップルを別れさせる	3	dev
How_toK_Popの練習生になる	1	dev
How_toウサギ耳を作る	4	dev
How_toマラソンを走る	1	dev
How_toiPhoneに音楽を入れる	2	dev
How_to火に色をつける	4	dev
How_toスリッパを洗濯する	3	dev
How_to絵を描いてストレスを発散させる	3	dev
How_toコンタクトレンズを装着する	2	dev
How_to糊を手作りする	5	dev
How_to蜘蛛に咬まれたときに治療する	4	dev
How_to恋人がいない寂しさを紛らわす	3	dev
How_toフランス語で「どういたしまして」と言う	4	dev
How_toチリダニを駆除する	3	dev
How_to毛糸でポンポンを作る	3	dev
How_to電話で女の子と話す	4	dev
How_to人生を謳歌する	4	dev
How_toオムレツを作る	4	dev
How_toキウイフルーツを切る	2	dev
How_to自分で搾乳する	2	dev
How_to哺乳瓶の消毒	3	dev
How_toブラックマジックで遊ぶ	2	dev
How_toオーブンでステーキを調理する	2	dev
How_toAndroidでSMSを別の端末に移行する	2	dev
How_to長距離を走る	2	dev
How_toフリーメイソンになる	3	dev
How_toカナダ宛の郵便物に宛名を書く	2	dev
How_to水の浄化	5	dev
How_toコーヒーメーカーを洗浄する	3	dev
How_toお通夜に参列する	2	dev
How_toWi_Fiのパスワードを変更する	1	dev
How_toSnapchatで相手にブロックされたかどうか確かめる	2	dev
How_toヨガを学ぶ	3	dev
How_toテストに備えて勉強する	3	dev
How_to世間話をする	3	dev
How_to犬を描く	5	dev
How_toおもちゃの車を作る	3	dev
How_to家を買う	3	dev
How_to銀のアクセサリーを磨く	3	dev
How_to男の子を産む	2	dev
How_to燃料ポンプの点検	2	dev
How_to夫婦関係を修復する	3	dev
How_toPDFをJPEGに変換する	4	dev
How_to写りの良い写真を撮る	4	dev
How_to夏に体重をしっかり落とす	4	dev
How_to退職後に友達を作る	2	dev
How_to10代で家出する	3	dev
How_to鼻水を止める	3	dev
How_to枕を洗う	2	dev
How_toグラフィックイコライザーを使う	1	dev
How_toバッテリー液の量を確認する	4	dev
How_toチンゲン菜を切る	4	dev
How_to他人に吠える犬のしつけ	3	dev
How_to戦争を生き延びる	4	dev
How_to淡水水槽を始める	4	dev
How_toコケの栽培	4	dev
How_toお金を稼ぐ	12	dev
How_toブラジャーをつけるときが来たことを知る	3	dev
How_to鍵のかかったドアを開ける	6	dev
How_to脚本を書く	5	dev
How_toストレートヘアを作る	3	dev
How_toデリケートゾーンの匂いを消す	4	dev
How_to自己治療・感染症予防のために自主隔離をする	4	dev
How_toパソコンからInstagramを使う	3	dev
How_toエプソム塩を下剤として服用する	3	dev
How_to就活の準備をする	3	dev
How_to洗い物をする	3	dev
How_to虫刺されを特定する	2	dev
How_to写真を上手に撮る	3	dev
How_toLinuxでIPアドレスを確認する	4	dev
How_toTinder（ティンダー）を使う	6	dev
How_to声域を確認する	4	dev
How_toガソリンを節約する	3	dev
How_to社会人としての勉強	2	dev
How_toアンチや嫉妬深い人に対処する	4	dev
How_toお酒をショットで飲む	3	dev
How_to体重を増やす	3	dev
How_to妊娠中のむくみを軽減する	3	dev
How_toお金持ちになる	5	dev
How_to自宅でクモの忌避剤を作る	3	dev
How_to自宅でセルフエステをする	3	dev
How_toグリセリン石鹸を作る	2	dev
How_toジャスミンを育てる	3	dev
How_toボングをきれいにする	3	dev
How_toプラナヤマで呼吸する	6	dev
How_to野良猫を捕まえる	3	dev
How_toシリコン型を作る	3	dev
How_to先生をイラつかせる	2	dev
How_to蓄財する	4	dev
How_to成長率を計算する	2	dev
How_to手動の缶切りを使う	3	dev
How_to胃痛や腹痛を治す	5	dev
How_toハムスターをお風呂に入れる	3	dev
How_to体温計を使わずに熱があるか知る	3	dev
How_toシワを予防する	2	dev
How_to牛肩肉のローストビーフを作る	3	dev
How_to女子とテキストメッセージで会話を始める	2	dev
How_toYouTubeでお金を稼ぐ	1	dev
How_to別れた相手を嫉妬させる	2	dev
How_toきょうだいをイライラさせる	3	dev
How_to脚注を付ける	2	dev
How_to代数式を解く	2	dev
How_toUSBメモリに写真を入れる	2	dev
How_to愛猫とコミュニケーションをとる	3	dev
How_to髪を早く伸ばす	3	dev
How_toカタツムリを飼育する	2	dev
How_to10代でも大人っぽく見せる	3	dev
How_to簡単でかわいいヘアアレンジ	6	dev
How_toパイナップルを栽培する	3	dev
How_toヒューズをチェックする	3	dev
How_toスエードの靴を手入れする	4	dev
How_to男性からの好意に気付く	3	dev
How_to足フェチを恋人に告白する	2	dev
How_to過呼吸を止める	5	dev
How_to偏頭痛を早く和らげる	3	dev
How_to声を低くする	3	dev
How_toコピペする	4	dev
How_to多才になる	3	dev
How_to子供の自閉症を見分ける	4	dev
How_to膣感染症を治す	3	dev
How_toヨガで体重を落とす	4	dev
How_toペットボトルロケットを作る	2	dev
How_to頭をよくする	2	dev
How_to赤ちゃんに歩き方を教える	4	dev
How_to読むスピードを上げる	3	dev
How_to魅力的な自分になる	3	dev
How_to在宅勤務社員の研修を行う	3	dev
How_toAdobe_Premiere_Proで動画を切り抜く	1	dev
How_toジムの服装を選ぶ	3	dev
How_to犬の疥癬症を治療する	3	dev
How_to女子に好きになってもらう	3	dev
How_to目の下のくまを取る	3	dev
How_to別人になる	3	dev
How_to銀が本物かどうか調べる	6	dev
How_to最大酸素摂取量（VO2_Max）を測る	3	dev
How_toお腹まわりの脂肪を取る	4	dev
How_to利率を計算する	2	dev
How_to単純なウェブページをHTMLで作成する	1	dev
How_to手相を読む	2	dev
How_to女王アリを識別する	2	dev
How_toスーツケースやカバンにうまく荷物を詰める	3	dev
How_toウェブサイトから画像をダウンロードする	3	dev
How_toExcelのファイルサイズを縮小する	6	dev
How_to知らない曲を探す	2	dev
How_to絵画を壁に掛ける	3	dev
How_to自分の才能を見つける	2	dev
How_toギターを弾く	3	dev
How_to攻撃者から身を守る	3	dev
How_toスターバックスで注文する	2	dev
How_to彼氏を作る	5	dev
How_to女の子に話しかける	3	dev
How_to酵素クリーナーを作る	3	dev
How_to学校でFacebook規制の解除を行う	4	dev
How_toiPadのアプリを削除する	1	dev
How_to眉毛をきれいに整える	2	dev
How_toめまいを止める	3	dev
How_to髪の毛を太くする	3	dev
How_to犬と猫を仲良く同居させる	2	dev
How_toオペラを歌う	4	dev
How_to乗り物酔いに対処する	2	dev
How_toキャンドルのロウを落とす	4	dev
How_to飛行機を描く	4	dev
How_toイードを祝う	2	dev
How_toスーパーマン・コアエクササイズを行う	2	dev
How_toiPhoneでApple_IDを作成する	1	dev
How_toコマンドプロンプトでプログラムを実行する	3	dev
How_toスライムを柔らかくする	2	dev
How_to空港で搭乗手続きをする	4	dev
How_toお盆の準備をする	4	dev
How_to読書量を増やす	2	dev
How_toパスワードでGoogle_Chromeをロックする	1	dev
How_to「したことないゲーム（Never_Have_I_Ever）」で遊ぶ	2	dev
How_toグリッターネイルを落とす	2	dev
How_to腹筋のVカットをつくる	2	dev
How_to遺言状を書く	4	dev
How_to鎖骨を目立たせる	3	dev
How_toシラミの駆除	2	dev
How_to割り算の筆算をする	4	dev
How_to馬に乗る	4	dev
How_to有名な歌手になる	1	dev
How_toピザ生地を作る	3	dev
How_to集中して勉強する	2	dev
How_to目で催眠術をかける	3	dev
How_to幸せな結婚生活を送る	3	dev
How_toワキの汗を止める	3	dev
How_to自宅で金を溶かす	3	dev
How_to風船ガムを膨らませる	2	dev
How_toPDF形式からWord文書に変換する	3	dev
How_to早く身長を伸ばす	3	dev
How_to二重顎を治す	4	dev
How_to写真をInstagramに投稿する	2	dev
How_to潰れたニキビの跡を一晩で消す	3	dev
How_toビキニラインのカミソリ負けを治す	3	dev
How_to声の質を高める	5	dev
How_toちょいワルになる	3	dev
How_to知的に質問する	5	dev
How_to好きな女性に初めて話しかける	1	dev
How_toアロエベラジェルでスキンケアをする	3	dev
How_to友人がいない孤独を乗り越える	4	dev
How_toタッチペンを手作りする	5	dev
How_to短編映画を作る	4	dev
How_to2台のルーターを接続する	2	dev
How_toフケを治す	22	dev
How_toダニを駆除する	3	dev
How_toウェディングブーケを作る	4	dev
How_to肝臓を綺麗にする	4	dev
How_toLinksys（リンクシス）製ルーターをリセットする	2	dev
How_to髪を柔らかく艶やかにする	8	dev
How_to為替取引を始める	2	dev
How_toキャンドルの瓶についた蝋（ロウ）を落とす	2	dev
How_to猫に寄生虫がいるかを確かめる	2	dev
How_to男子と距離を縮める	3	dev
How_toパスワードを忘れてしまった時にパソコンにログインする	7	dev
How_to水泳用ゴーグルを着用する	3	dev
How_to自分と別れたことを後悔させる	3	dev
How_toラベンダーを乾燥させる	2	dev
How_to妊娠中の妻をマッサージする	2	dev
How_toヘルニアかどうかチェックする	2	dev
How_to羽毛布団を洗濯する	3	dev
How_to恋愛感情抜きでセックスする	2	dev
How_toモラハラ夫の対処	4	dev
How_to紙でハートを作る	4	dev
How_toコンクリートの壁に装飾品を掛ける	3	dev
How_toパパイヤの種を食べる	3	dev
How_to高く跳ぶ	3	dev
How_to悪い成績と向き合う	3	dev
How_to金のアクセサリーを磨く	5	dev
How_to封筒を作る	3	dev
How_toショウガの下処理	4	dev
How_to利他的になる	3	dev
How_to傷んだ肉を見分ける	4	dev
How_to嘔吐を誘発する	5	dev
How_toロマンチックにハグをする	2	dev
How_toGmailパスワードを再設定する	3	dev
How_toSWFファイルを開く	2	dev
How_toシェラックネイルを落とす	2	dev
How_to3行3列の行列式を求める	2	dev
How_toフェリチン値を上げる	3	dev
How_to紙飛行機を作る	2	dev
How_to英語を学ぶ	3	dev
How_toポークチョップを焼く	3	dev
How_toのどの痛みを早く治す	4	dev
How_to腹式呼吸をする	2	dev
How_to生理中に水泳をする	1	dev
How_toレジ袋とストローでパラシュートを作る	2	dev
How_to切り端からタマネギを育てる	3	dev
How_toアニメキャラを描く	2	dev
How_to首についたキスマークを消す	3	dev
How_toコオロギを駆除する	3	dev
How_to1週間で滑らかな肌を手に入れる	1	dev
How_to生理中にセックスをする	3	dev
How_toお香を焚く	3	dev
How_toヨガマットを洗う	2	dev
How_to紙でじょうごやコーンを作る	3	dev
How_to殺鼠剤を作る	3	dev
How_to携帯電話を見つける	4	dev
How_to忍者の煙玉を作る	2	dev
How_to女の子らしい女の子になる	4	dev
How_to学校を楽しむ	3	dev
How_to恋愛に興味がない女性に好かれる	3	dev
How_to宇宙飛行士になる	3	dev
How_toタトゥーシールをはがす	4	dev
How_to炊飯器でご飯を炊く	2	dev
How_to小説を書く	3	dev
How_toデモに参加する	3	dev
How_to自宅で太陽電池を作る	3	dev
How_to破傷風のワクチン接種が必要になる状況を知る	3	dev
How_to自分への好意を女の子に認めさせる	3	dev
How_toワインボトルの開け方	4	dev
How_to隠しカメラや盗聴器を見つける	3	dev
How_toレモンで美白をする	2	dev
How_toモデルになる	3	dev
How_to猫のおしっこの臭いを取る	3	dev
How_to胸部X線画像を診断する	4	dev
How_to一日のスケジュールを立てる	2	dev
How_to手荷物のサイズを測る	2	dev
How_toサンドイッチを作る	3	dev
How_to女の子に好かれる	3	dev
How_to家庭内でのノミ駆除と予防	3	dev
How_toリンゴの木を剪定する	2	dev
How_to新型コロナウイルス感染拡大中に新しい人と出会う	3	dev
How_to読書の習慣を身につける	3	dev
How_toウサギを訓練する	4	dev
How_to細いウエストを手に入れる	3	dev
How_toえくぼを自然に作る	3	dev
How_to骨なし皮なし鶏肉をオーブンで焼く	3	dev
How_toヘビの駆除	3	dev
How_to節約して生きる	6	dev
How_to分数の割り算をする	2	dev
How_toJPEG画像の画質を上げる	2	dev
How_to可愛くなる	2	dev
How_to自己規律を身につける	2	dev
How_to部屋の消臭をする	3	dev
How_to画像をガラスに転写する	3	dev
How_to耳垢を除去する	3	dev
How_to持久力の改善	5	dev
How_to自分のホロスコープを読む	3	dev
How_toジェロショットを作る	7	dev
How_toジョギングをはじめる	3	dev
How_to腕立て伏せをする	4	dev
How_to職場でのいじめ行為を証明する	3	dev
How_to犬の体重を健康的に増やす	2	dev
How_toジェダイになる	3	dev
How_to綿のTシャツを小さくする	2	dev
How_to自然な方法でバストアップする	4	dev
How_toヨガを毎日練習する	2	dev
How_toドバイでふさわしい服装をする	3	dev
How_toウサギをきれいにする	3	dev
How_to爪が割れたときの対処	4	dev
How_to声を変える	4	dev
How_toお腹周りの脂肪を減らす	3	dev
How_toクレジットカードを使ってドアを開ける	2	dev
How_toケンタッキーフライドチキンの味を再現する	3	dev
How_toガラガラヘビに噛まれた時の対処	4	test
How_toチューリップを植える	2	test
How_to交際相手と別れる	3	test
How_to紙を作る	4	test
How_toiPadをコンピューターに接続する	1	test
How_toポップアップブロックを無効にする	5	test
How_to簡単にアニメキャラの目を描く	1	test
How_to洗濯をする	2	test
How_to勉強に対する姿勢を改善する	3	test
How_to猫の風邪に対処する	3	test
How_to漫画やアニメで手を描く	6	test
How_to縮んだ服を伸ばす	3	test
How_toサメを描画する	4	test
How_to嫉妬心と上手く付き合う	3	test
How_toバラの花びらで香水をつくる	1	test
How_toまぶたの痙攣を止める	2	test
How_to宿題に集中する	3	test
How_to気難しい義母と付き合う	5	test
How_toグリーンカードを取得する	3	test
How_to立ち泳ぎをする	2	test
How_to海老を調理する	4	test
How_to大学生向けバイトを探す	4	test
How_to家にいるコウモリを捕まえる	3	test
How_toヨガで膨満感を緩和する	3	test
How_to恋愛関係を維持する	3	test
How_toオレンジからオイルを抽出する	3	test
How_toNASAで働く	3	test
How_toスムージーを作る	2	test
How_to酢を使って窓掃除をする	4	test
How_to快適に旅する	3	test
How_to運動やダイエットをせずにお腹の脂肪をとる	3	test
How_toアヒツナの調理	3	test
How_toグリルで串焼きケバブをつくる	2	test
How_to車のウォーターポンプの交換が必要かを知る	1	test
How_to生姜を生で食べる	2	test
How_to日本国籍を取得する	3	test
How_to平らなお腹になる	3	test
How_to筋肉を鍛えて減量する	3	test
How_to分析的な論文（エッセイ）を書く	3	test
How_toソフトローとハードロー（国際法）を識別する	3	test
How_to兄弟を苛立たせる	2	test
How_to女子からの一言メッセージに返信する	2	test
How_toお金を管理する	4	test
How_to片頭痛を緩和する	3	test
How_to熱を上げる	3	test
How_to冷蔵庫の臭いを取る	2	test
How_to友情ブレスレットを作る	3	test
How_toココナッツライスを作る	2	test
How_to英文エッセイの結論を書く	2	test
How_toキーボードの「Print_Screen」機能を使う	2	test
How_toビーチ旅行を楽しむ	4	test
How_to車椅子を利用している人と接する	3	test
How_toムーンウォークをする	2	test
How_to自分の身を守る	4	test
How_toニキビ跡を薄くする	3	test
How_toパソコンのIPアドレスを確認する	6	test
How_to牛乳を加熱する	2	test
How_to健康を維持する	3	test
How_toタラの切り身を調理する	4	test
How_to上手にアイシャドウを塗る	5	test
How_to１日でテストの準備をする	3	test
How_to髪にアーモンドオイルを付ける	2	test
How_to授業の計画を立てる	3	test
How_toスケボーをする	4	test
How_to彼があなたのことを好きかどうか知る	3	test
How_toシリンダーの体積を測る	1	test
How_toゆで卵の殻をむく	5	test
How_toココナッツオイルを犬のノミ対策と皮膚の手入れに使う	2	test
How_toゼンタングルを描く	2	test
How_to勉強に興味を持つ	2	test
How_to定年後に再就職する	3	test
How_toパソコンからInstagramアカウントを開く	1	test
How_toパズルを額に入れる	2	test
How_to塩粘土を作る	3	test
How_toリュックサックを洗う	2	test
How_to猫の性別を見分ける	2	test
How_to提案書を書く	2	test
How_toPDFファイルを圧縮する	3	test
How_toExcelで引き算をする	3	test
How_to企業用Facebookページを開設する	2	test
How_to兄弟を静かにさせる	3	test
How_to縦列駐車する	3	test
How_toExcelで見出しを追加する	3	test
How_toアクリルネイルを自分で外す	2	test
How_toコンドームの購入	3	test
How_toNyan_Cat（ニャンキャット）を描く	1	test
How_to手のサイズを測る	3	test
How_to水槽のアンモニア濃度を下げる	3	test
How_to色落ちしにくいジーンズの洗濯	3	test
How_toてんとう虫を飼う	2	test
How_toピンク色の唇を手に入れる	3	test
How_toアイメイク	4	test
How_to濡れた携帯電話を救う	1	test
How_to女の子を慰める	3	test
How_toちびキャラを描く	2	test
How_to子犬の噛み癖を防ぐ	2	test
How_toFacebookのショートカットを編集する	1	test
How_to髪のメンテナンス	5	test
How_to背を高くする	3	test
How_toパワーステアリングオイルのチェックと追加	1	test
How_to夏の化粧崩れを防ぐ	3	test
How_to家にいるノミやダニを駆除する	2	test
How_toタイミングベルトの交換	4	test
How_to夫婦関係を改善する	3	test
How_to平泳ぎで泳ぐ	4	test
How_to子猫に糞をさせる	2	test
How_toタトゥーマシンを作る	2	test
How_toワセリンでまつ毛を伸ばす	2	test
How_to牛乳からクリームを作る	3	test
How_toバスマティ玄米を炊く	4	test
How_to自分の国を作る	1	test
How_to背中上部のコリを和らげる	4	test
How_toChromeでタブを切り替える	3	test
How_to老人ホームで友達を作る	3	test
How_to人を引きつける	3	test
How_to海外求人に応募する	3	test
How_to（10代向け）猫の飼育を親に許可してもらう	3	test
How_toシーツについた血を落とす	3	test
How_toキスの練習をする	3	test
How_to優しくする	3	test
How_to節約しながら暮らす	3	test
How_toセーラームーンを描く	1	test
How_to部分的に塞がったピアスの穴を再開通する	3	test
How_to毛羽立ちや毛玉を除去する	3	test
How_to才能を発揮する	3	test
How_to犬の自宅出産	3	test
How_to泳ぐ	4	test
How_to人と会話をする	3	test
How_to対人スキルを磨く	3	test
How_to定規の目盛を読む	2	test
How_to分散を計算する	2	test
How_to日記をつけ始める	3	test
How_to自分で身長を測定する	3	test
How_toきゅうりのピクルスを作る	3	test
How_toピニャ・コラーダを作る	3	test
How_toはさみを研ぐ	5	test
How_toアニメ風に人間の体を描く	5	test
How_to猫に人間用トイレを使うよう躾ける	3	test
How_to自然にテストステロン値を高める	6	test
How_toメモを書く	2	test
How_to妊娠中に横になる	3	test
How_toイスラムの礼拝をする	2	test
How_toYouTubeの動画を視聴する	3	test
How_toアイロンなしで洋服のシワを伸ばす	3	test
How_to液体着火剤を使わずに炭火を起こす	3	test
How_to芽キャベツを冷凍する	2	test
How_to部屋を涼しくする	3	test
How_toギターをセットアップする	2	test
How_to立った姿勢で腹筋を鍛える	4	test
How_to人参を蒸す	3	test
How_toアリの駆除	2	test
How_to一週間でお腹を平らにする	4	test
How_toペンを正しく持つ	3	test
How_toコカイン使用の兆候を見分ける	3	test
How_to頭痛を治す	4	test
How_toPDF文書のテキストにハイライトを入れる	2	test
How_to健康的な食事	3	test
How_to上手にいちゃつく	3	test
How_to自分の肌質を診断する	3	test
How_to円の面積を求める	4	test
How_toそばかすを消す	4	test
How_to精子の量を増やす	2	test
How_to臭いスニーカーを洗う	8	test
How_to自分の妻が浮気しているか見抜く	3	test
How_toバクテリアとウイルスを見分ける	2	test
How_to中学校の男子に自分を好きになってもらう	5	test
How_toネットいじめを止める	4	test
How_toコスプレをする	1	test
How_to効果的に勉強する	4	test
How_toYahoo.comアカウントを復元する	1	test
How_toリンゴ酢で天然成分のノミ・ダニ駆除剤を作る	3	test
How_to目の腫れと痒みをやわらげる	3	test
How_to銀製品の手入れをする	2	test
How_to有名になる	4	test
How_toバラを植える	4	test
How_to折り紙でカエルを作る	4	test
How_to安らかに死ぬ	3	test
How_toおむつケーキを作る	3	test
How_to円満に退職する	3	test
How_to次の生理日を予測する	2	test
How_toアイクリームを塗る	3	test
How_to固ゆで卵を作る	3	test
How_toコミケに参加する	2	test
How_to高校の男子生徒を振り向かせる	2	test
How_toPDFのファイルサイズを縮小する	8	test
How_to割引額を計算する	3	test
How_to膣感染症を見分け、防ぐ	2	test
How_toビットコインで投資をする	3	test
How_toビットコインを使用する	1	test
How_toAndroidでアダルトサイトをブロックする	4	test
How_to墓石を洗う	3	test
How_to電子レンジでベークドポテトを作る	1	test
How_toタバコを吸う	2	test
How_to七五三の準備をする	2	test
How_to大きな毛穴やシミを取り除く	3	test
How_to飛ぶアニマルパペットをストローで作る	3	test
How_to家族からの「子供はまだ？」に対処する	3	test
How_toUSBメモリを使ってWindows7をインストールする	3	test
How_toGoogle_Chromeでウェブサイトをブロックする	4	test
How_toクモの駆除	4	test
How_to夫を育児に参加させる	4	test
How_to有能な管理者になる	3	test
How_to気難しい嫁と付き合う	1	test
How_toプロテインパンケーキを作る	2	test
How_toマンゴーを熟成させる	3	test
How_to紙で雪の結晶を作る	2	test
How_to1人の時間を楽しむ	6	test
How_to華氏と摂氏の温度を換算する	6	test
How_to株式を購入する	3	test
How_to飛行機恐怖症を克服する	5	test
How_to鼻ピアスの肉芽を治す	3	test
How_to爪のカビ（爪白癬）を治す	3	test
How_to生殖能力を高める（30代女性）	4	test
How_to2つのベクトルの角度を求める	2	test
How_to歯痛を緩和する	3	test
How_to髪に付いたガムを取る	4	test
How_to子供にゲームをやめさせる	4	test
How_to女の子を退屈させずに会話する	3	test
How_to中古車を選ぶ	5	test
How_toむくみを取る	3	test
How_toストレッチで背を伸ばす	3	test
How_to広い心を持つ	3	test
How_to値切る	5	test
How_to高齢者がスマホを使う	2	test
How_to自分に合ったスタンドアップパドルボード（SUP）を購入する	4	test
How_to筋肉をつける	3	test
How_toCDを作成する	4	test
How_to猫にトイレのしつけをする	3	test
How_to上手に勉強する	4	test
How_toトマトを栽培する	4	test
How_toパンをおいしく温め直す	3	test
How_to鍵盤の音名を学ぶ	2	test
How_toお米カイロを作る	3	test
How_to人がどう思うかを気にしない	4	test
How_toビールを緑色にする	2	test
How_to共依存の家族に対処する	3	test
How_to生まれたての子猫に餌を与える	2	test
How_toあそこの匂いをなくす	3	test
How_toマインドフル瞑想をする	3	test
How_to歌が上手くなる	2	test
How_to涙を流さずに玉ねぎを切る	2	test
How_toスキンタッグを除去する	4	test
How_toミニーマウスを描く	3	test
How_to携帯電話のIMEI、またはMEIDを確認する	7	test
How_to短期間で筋肉をつける	3	test
How_toYouTubeでスターになる	3	test
How_toインスタントコーヒーを入れる	4	test
How_to足関節上腕血圧比を算出する	3	test
How_toお金を貯める	3	test
How_toYouTubeの動画を作る	5	test
How_toガラスの傷を取る	4	test
How_to自宅スパでリラックスする	3	test
How_to自尊心の低い人を助ける	4	test
How_to目を赤くする	4	test
How_toBBクリームを塗る	4	test
How_toメールで指導教員に推薦状を依頼する	1	test
How_toダウンジャケットを洗う	4	test
How_toタイヤの空気圧を調べる	2	test
How_to合金リムの傷を修復する	3	test
How_toげっぷする	3	test
How_toYouTubeで新しい再生リストを作成する	2	test
How_to自分の歌唱力を知る	3	test
How_to傷跡を消す	3	test
How_to家庭での陣痛促進	7	test
How_toパグの世話をする	4	test
How_to大事な試験に備えて勉強する	5	test
How_to彼女が自分とセックスしたいと思っているかを知る	3	test
How_toドリームキャッチャーを作る	4	test
How_to風邪を早く治す	3	test
How_to友達を作る	1	test
How_toプロのカメラマンになる	3	test
How_to女性を口説き落とす	5	test
How_to家計のやりくり	4	test
How_to鶏胸肉を茹でる	3	test
How_toチョウバエを駆除する	4	test
How_to勃起を隠す	3	test
How_toアルミ製品の掃除	3	test
How_toメッセージでの会話を上手に終わらせる	3	test
How_to息を長く止める	3	test
How_to健康的なセックスライフを送る（ティーンエイジャー向け）	4	test
How_toアニメ・漫画のキャラになりきる	3	test
How_to2台のパソコンを接続する	5	test
How_toリスを駆除する	2	test
How_to平方フィートを想像する	3	test
How_to紙でボートを作る	1	test
How_toペットの猫を幸せにする	3	test
How_toジェルネイルを落とす	3	test
How_to大さじ1杯を量る	2	test
How_to子どもを持つか持たないかの選択をする	3	test
How_to断食を終える	4	test
How_toInstagramを再開する	2	test
How_toInstagramのアカウントを削除する	2	test
How_to破水させる	2	test
How_to速度の計算	3	test
How_to傷ついた言葉から立ち直る	3	test
How_toGoogle_Chromeの予測候補を削除する	5	test
How_to論文や小説の概要（アウトアライン）を書く	2	test
How_toサムスン製テレビをリセットする	3	test
How_toスライムを作る	4	test
How_to腰を強化する	3	test
How_toタバコを巻く	4	test
How_to電話を切るための言い訳をする	2	test
How_to母乳を自然に止める	2	test
How_to好きになった人が既婚者かどうかを確かめる	3	test
How_to好きな男子にテキストメッセージを送る	3	test
How_to女の子との会話を滑らかに続ける	1	test
How_to牛を描く	4	test
How_to自分のエロティックな写真を撮る	3	test
How_toハンバーガーを作る	3	test
How_toブリーチーズを楽しむ	3	test
How_to円満に離婚する	1	test
How_to除菌おしぼり（ウェットティッシュ）を作る	2	test
How_toハイドロプレーニング現象の対策	3	test
How_to賢くなる	5	test
How_to計算を使ったトリックで相手の年齢をあてる	3	test
How_to家の中の食べ物が焦げた臭いをとる	3	test
How_toフィッシュボーンのヘアアレンジ	4	test
How_to授業中に居眠りをしない	3	test
How_toより社交的になる	3	test
How_toトゥワークする	3	test
How_to円の円周を計算する	2	test
How_to筒型のプレゼントを包装する	4	test
How_toランニングに必要なスタミナを手に入れる	4	test
How_to水彩色鉛筆で絵を描く	1	test
How_to人を描く	3	test
How_toゴルフのハンディキャップを計算する	3	test
How_toラジエーターをフラッシングする	3	test
How_to恋愛感情を抑える	3	test
How_to自動車の燃費を計算する	3	test
How_toリボンでバラを作る	1	test
How_to葬式をする	2	test
How_to髪にオイルを塗る	4	test
How_to低血圧を改善する	3	test
How_to女子に好印象を与え、好きになってもらう	3	test
How_toファンデーションを塗る	3	test
How_to屋外でプロパンボンベを保管する	2	test
How_toUSBメモリを修復する	5	train
How_toIPアドレスを変更する（Windows）	3	train
How_toアボカドを栽培する	3	train
How_toInstagramで１０００人のフォロワーを獲得する	5	train
How_to価電子数を求める	3	train
How_toExcelで折れ線グラフを作成する	4	train
How_toニューヨークで地下鉄に乗る	2	train
How_to大きいサイズのファイルを圧縮する	5	train
How_to数独の問題を解く	7	train
How_toコーラでトイレを掃除する	2	train
How_to美白	4	train
How_toお腹痩せ	3	train
How_to車のオーディオプレーヤーに詰まったCDを取り出す	5	train
How_toセクシーに見せる	3	train
How_toアストラル投射を行う	3	train
How_to自分を表現する	4	train
How_toペニスを洗う	2	train
How_toカンジダ症を治す	4	train
How_toソファに付いたペットのおしっこ臭を取る	2	train
How_toピザを保存し温め直す	2	train
How_to好きな人と両思いになる_(女性向け)	3	train
How_to脚の脂肪を落とす	3	train
How_toモッドポッジを作る	4	train
How_toふわふわスライムを作る	1	train
How_to衣類のカビ臭さをなくす	3	train
How_toノートパソコンが充電できなくなったときの対処	3	train
How_to自宅でフェイシャルエステをする	3	train
How_to芽キャベツの調理	4	train
How_to片思いの相手を忘れる	3	train
How_to除毛クリームを使ってビキニラインを除毛する	1	train
How_to彼の方から別れさせる	2	train
How_to自分に気がない女の子に対処する	3	train
How_toアルミ風船を膨らませる	3	train
How_to気になる人をデートに誘う	3	train
How_toキンカンを食べる	2	train
How_to男性にもっとモテる	3	train
How_to自分を美しくする	3	train
How_toシャボン玉液を作る	3	train
How_toアニメの目を描く	3	train
How_toさそり座の男性を魅了する	3	train
How_to正しいウェイトトレーニング	4	train
How_to生涯のパートナーを選ぶ	4	train
How_to電話を使ってロマンチックな関係を保つ	2	train
How_toジーンズの裾上げをする	3	train
How_toエントリーシートを記入する	4	train
How_to人にどう思われるかを気にしない	4	train
How_toプリントヘッドをクリーニングする	3	train
How_to犬を眠らせる	2	train
How_to犬の耳掃除	2	train
How_to片思いの相手に好きになってもらう	2	train
How_toサーフィンを始める	3	train
How_to海老の調理	4	train
How_toエッセンシャル・オイルで天然の虫除けを作る	3	train
How_toビットコインをペーパーウォレットに保管する	4	train
How_to瞑想する	3	train
How_to子供に時計の読み方を教える	4	train
How_to円グラフの作成	1	train
How_to面接で自己紹介をする	3	train
How_toさつまいもを調理する	4	train
How_toパイナップルを切る	3	train
How_to釣り用ラインをスプールに巻く	3	train
How_toウィスキーを楽しむ	5	train
How_to犬の痛みを見分ける	2	train
How_toチョコレートを作る	2	train
How_to読書力を伸ばす	3	train
How_toお尻を小さくする	2	train
How_toストリッパーになる	4	train
How_toセージを焚いて浄化する	2	train
How_toキスマークを偽造する	3	train
How_toラブソングを作る	2	train
How_toAndroidのセーフモードを解除する	3	train
How_to地球環境を守る	5	train
How_to聞く技術を身につける	3	train
How_to自分で子宮口の内診をする	2	train
How_toイースターエッグを染める	3	train
How_toバラを描く	2	train
How_toセルフディフェンス「急所術」を身につける	3	train
How_toストレスボールを作る	2	train
How_toスペアリブをタレに漬ける	3	train
How_to車の中で快適に眠る	4	train
How_to猫が妊娠しているか調べる	3	train
How_to成功するための計画を立てる	4	train
How_to良い祖父母になる	2	train
How_to自宅で切り傷を手当てする	4	train
How_toインラインスケートをする	3	train
How_to女の子にはじめてキスをする	3	train
How_toプログラミングを学ぶ	3	train
How_to重曹とアルミ箔でシルバーを磨く	3	train
How_to割れた腹筋を作る（女性向け）	2	train
How_to魅力的になる	3	train
How_to歌手になる	3	train
How_to昇給の割合（％）を計算する	2	train
How_to自宅でヨガをする	4	train
How_to忘れられない好きな人を忘れる	3	train
How_toマジックをする	4	train
How_to一緒にいて楽しい人になる	3	train
How_toブルーチーズが腐っているか判断する	3	train
How_to猫を撫でる	3	train
How_toUSBメモリをフォーマットする	2	train
How_toブレーキホースのエアを抜く	3	train
How_toアクリル樹脂で人工爪を作る	4	train
How_to燃料噴射装置（フューエルインジェクター）の洗浄	1	train
How_to年収額を計算する	3	train
How_to配偶者の偉そうな態度に立ち向かう	3	train
How_to夏休み中の暇をつぶす	6	train
How_toパーセンテージを計算する	3	train
How_to家庭療法でシミを消す	4	train
How_toハリネズミを飼育する	4	train
How_toiPhoneから削除されたメッセージを復元する	2	train
How_toモルモットの妊娠を見分ける	3	train
How_to壊れたファスナーを直す	5	train
How_to疲れずに走る	4	train
How_to映画をダウンロードする	3	train
How_toお尻を大きくする	3	train
How_toExcelでスプレッドシートを作成する	1	train
How_to2進数を計算する	3	train
How_to飼い犬にウサギを引き合わせる	4	train
How_toタンブラーのブログを削除する	1	train
How_to勉強に集中する	4	train
How_to指にできたやけどの水ぶくれを手当てする	3	train
How_to勉強への集中力を高める	2	train
How_to恋愛関係なしに幸せな人生を送る	4	train
How_toお正月の準備	2	train
How_to面接後に選考状況について尋ねる	3	train
How_toより速く走る	5	train
How_to新型コロナウイルスに備える	4	train
How_toラバーカップを使わずにトイレ詰まりを解消する	4	train
How_to喫煙の悪影響を覆す	3	train
How_to新型コロナウイルスによる外出禁止を守る	3	train
How_to過去世を思い出す	3	train
How_to念力をひき出す	4	train
How_to家で退屈な時に楽しく過ごす	3	train
How_to旅行の計画を立てる	4	train
How_to紙で立体的な雪の結晶を作る	1	train
How_to閉まらなくなったチャックを修理する	3	train
How_toフォークとナイフを使う	3	train
How_toキスが上手になる	4	train
How_to新しいフェイスブックアカウントを作る	2	train
How_to試験直前に勉強する	3	train
How_to犬に心肺蘇生法_(CPR)_を施す	2	train
How_toゴールデンハムスターを飼育する	4	train
How_to1ヶ月でシックスパックを手に入れる	2	train
How_to冷凍の芽キャベツをオーブンで焼く	3	train
How_to複数のFacebookページを一つにまとめる	2	train
How_to犬の肛門腺を絞る	2	train
How_toアイラッシュカーラーを温める	2	train
How_to自転車に乗る	3	train
How_toジュースの缶で喫煙パイプを作る	2	train
How_to遊び用の紙幣を作る	3	train
How_to女の子の気持ちが分からなくても好きだと伝える	3	train
How_toバターを柔らかくする	5	train
How_to着床出血かどうか判断する	2	train
How_to男性を落とす	1	train
How_to不幸を断ち切る	3	train
How_to折り紙で手裏剣を作る	3	train
How_to簡単にお金を稼ぐ	4	train
How_to無線ルーターを設定する	4	train
How_to野菜を蒸す	4	train
How_to電話が盗聴されているか調べる	5	train
How_toアメリカツタウルシを見分ける	2	train
How_to松の木を栽培する	3	train
How_to一晩でニキビを治す	3	train
How_to90年代風のファッションを楽しむ	3	train
How_toプロポーズする	1	train
How_to乳児の沐浴	3	train
How_to彼をたまらなく夢中にさせる	3	train
How_to顔を洗う	3	train
How_toリボンで蝶結びをつくる	6	train
How_to家に迷い込んだハチを追い出す	3	train
How_toアンティーク風の紙を作る	4	train
How_to漫画の描き方を学び、自分のタッチを確立する	1	train
How_toアルファベットで美しい署名を書く	2	train
How_to庭にミツバチを呼び寄せる	2	train
How_to若くしてお金持ちになる	3	train
How_toインク汚れを服から落とす	3	train
How_to早く体重を増やす（女性向け）	3	train
How_toハムスターを飼育する	6	train
How_to睾丸の腫れや痛みを治す	3	train
How_to定年後に社会貢献をする	2	train
How_to妊娠中にお風呂に入る	2	train
How_toアメリカで仕事を見つける	4	train
How_to除光液を使わずにネイルを落とす	4	train
How_to加重平均を計算する	4	train
How_toささくれを治す	2	train
How_to手首をポキポキ鳴らす	4	train
How_toフルートを演奏する	3	train
How_toグレービーソースを作る	3	train
How_to犬にお手を教える	2	train
How_to小論文の冒頭に引用文を使う	3	train
How_to一時的なタトゥーシートを自作する	1	train
How_to防犯タグを外す	6	train
How_to成功者になる	4	train
How_to星を描く	4	train
How_to服についたファンデーションをおとす	3	train
How_toどんな男性でも惹きつける	4	train
How_toバス・トイレの掃除をする	3	train
How_to母乳の分泌量を増やす	2	train
How_to貧血を防ぐ	3	train
How_to６つに割れた腹筋を作る	4	train
How_toURLをリダイレクトする	4	train
How_toPDFファイルからページを削除する	4	train
How_to助言を求めて手紙を書く（英文レター編）	3	train
How_to美脚を作る（女性用）	3	train
How_to花を植える	3	train
How_toEXEファイルをMacで開く	2	train
How_toストローで鯱を作る	2	train
How_toヨガかピラティスか選ぶ	3	train
How_to良い主婦になる	4	train
How_toライフハックを使う	10	train
How_to誰かを好きになるのをやめる	3	train
How_to新型コロナウイルス感染拡大中でも心の健康を保つ	3	train
How_to高音を出す	3	train
How_toヘルペスの処置	3	train
How_toコバエを退治する	4	train
How_toサッカーボールを描く	3	train
How_toレンガを掃除する	3	train
How_to（米国で）学校心理学士になる	3	train
How_to指笛を吹く	2	train
How_toソーセージを調理する	4	train
How_toブート可能なUSBメモリを作成する	5	train
How_toストレッチ	2	train
How_toシュリンキーディンクで遊ぶ	3	train
How_to肉割れを薄くする	3	train
How_to牛乳からバターミルクを作る	2	train
How_to手相占いをする	3	train
How_to嗅覚を高める	3	train
How_to体脂肪を落とす	4	train
How_to犬の食物繊維不足を補う	2	train
How_toiCloudのアカウントを変更する	2	train
How_to宿題をこなす	4	train
How_to鶏肉を焼く	3	train
How_to子猫の世話をする	4	train
How_toニキビを早く自然に治す	4	train
How_to家族宛ての手紙の宛名を英語で書く	3	train
How_toレオナルド・ダ・ヴィンチのように考える	3	train
How_toお餅を作る	1	train
How_toコマンドプロンプトを使ってWiFiアクセスポイントを作成する	1	train
How_to犬の知能をテストする	2	train
How_toPDFファイルからページを抽出して新しいPDFファイルを作成する	6	train
How_toフルーツサラダを作る	3	train
How_to靴下を繕う	2	train
How_to小児性愛者を割り出す	2	train
How_to生理を遅らせる	2	train
How_to浪費をやめる	3	train
How_to夢精を止める	3	train
How_to妊娠した犬の世話をする	5	train
How_to樫の木をドングリから育てる	3	train
How_to夏を涼しく過ごす	4	train
How_toKikアカウントを停止する	3	train
How_toUbuntuにWineをインストールする	2	train
How_toマジックミラーを見分ける	2	train
How_to利息の返済額を計算する	3	train
How_to自家製の歯磨き粉でホワイトニングする	5	train
How_to児童書を書く	5	train
How_to大容量の動画ファイルをメールで送る	3	train
How_to（米国で）身分を変える	3	train
How_to無料でビジネスを広告する	3	train
How_toネットショップを開業する	4	train
How_to良い姉になる	3	train
How_to電子レンジで卵料理を作る	4	train
How_to死にかけているベタを救う	6	train
How_to学校のストレスに対処する	3	train
How_to他人の妊娠を見分ける	2	train
How_toクランチ運動を行う	3	train
How_to姉に優しく接してもらう	4	train
How_to猫の出産支援をする	3	train
How_to英文レターの書式を整える	4	train
How_to脚を細くする	4	train
How_to男らしさを身につける	3	train
How_to彼氏の誕生日を祝う	3	train
How_to便秘を防ぐ	3	train
How_toねこのプシーンを描く	1	train
How_toコーヒーで髪の手入れをする	2	train
How_to男子に好印象を与える	3	train
How_to犬の喧嘩を止める	3	train
How_toうさぎをなでる	2	train
How_toSpotifyで音楽をダウンロードする	2	train
How_to高齢者への虐待を防ぐ	3	train
How_to年賀状を書く	4	train
How_to彼女が浮気をしているか知る	3	train
How_to乳児の便秘を防ぐ	3	train
How_to自家製ワインを造る	3	train
How_to鶏肉をさく	3	train
How_to学校を休む	4	train
How_toビンのラベルをはがす	5	train
How_toVCFファイルを開く	4	train
How_toポートを開く	3	train
How_toMicrosoft_Wordにフォントを追加する	2	train
How_toこどもの舞台メイク	3	train
How_to数学を勉強する	3	train
How_toペットボトル蚊取り器を作る	3	train
How_to自己紹介のスピーチを書く	4	train
How_toヘリコバクター・ピロリ（ピロリ菌）を自然に治す	4	train
How_toコクゾウムシ（穀物の害虫）を駆除する	2	train
How_to5年計画を立てる	3	train
How_to生涯クリーンな食事をとる	3	train
How_toラベンダーを種から育てる	3	train
How_toInstagramアカウントの作成	3	train
How_to綺麗でスベスベのお肌を手に入れる	1	train
How_toブヨにかまれた痛みを和らげる	3	train
How_to小規模事業を始める	6	train
How_to外出禁止に対処する	4	train
How_to経費節約率を計算する	2	train
How_to韓国語で「愛してる」と言う	3	train
How_toTwitterアカウントを作成する	2	train
How_toSamsungスマートテレビでアプリをダウンロードする	3	train
How_toアロエベラジェルでニキビを消す	2	train
How_to抜け毛を防ぐ	4	train
How_toバラを種から育てる	3	train
How_to妻や夫をもう一度愛す	3	train
How_toInstagramのアップデート	3	train
How_to大きいおでこを隠す	3	train
How_to太ももの脂肪を落とす	3	train
How_to経費の計算	3	train
How_to鶏胸肉を焼く	3	train
How_toノートをとる	3	train
How_toマイナス思考をコントロールする	3	train
How_to株式投資の	3	train
How_to家の掃除をする	6	train
How_toLinuxでサービスを再起動する	1	train
How_toアルファ男性になる	4	train
How_to一日中いい匂いでいる	4	train
How_toPDFファイルを結合する	3	train
How_toiPadに映画を追加する	3	train
How_to社交的になる	4	train
How_toジムに行くやる気を起こす	3	train
How_to生姜の保存	5	train
How_to食用キノコを見分ける	4	train
How_toセメントを配合する	2	train
How_toお粥を作る	4	train
How_toISOイメージファイルを開く	1	train
How_toセックスする心の準備ができているかどうかを確認する	3	train
How_toニキビを早く治す	3	train
How_to遊び人を落とす	3	train
How_to犬種を判別する	2	train
How_toカラスのポーズをする	2	train
How_toブラウザのプライベートモードを有効にする	9	train
How_to親知らずの生えはじめを知る	3	train
How_toドーパミンを増やす	3	train
How_to身の回りにあるもので喫煙パイプを作る	5	train
How_to自分自身を尊重する	4	train
How_toビットコインを受け取る	3	train
How_to電気毛布を洗う	3	train
How_to記憶力を高める	4	train
How_toリンゴの変色を防ぐ	2	train
How_to目標を設定して達成する	3	train
How_to1日のスケジュールに従って行動する	4	train
How_to髪の健康を取り戻す	3	train
How_to株価収益率を計算する	2	train
How_toマニュアル車を運転する	4	train
How_toヨガで平らなお腹をつくる	3	train
How_toローズマリーを育てる	3	train
How_to新型コロナウイルス感染拡大中に安全に買い物する	3	train
How_toボングでタバコを吸う	3	train
How_to緊張性頭痛を和らげる	4	train
How_to腹痛を治す	4	train
How_to論文や記事に効果的なタイトルをつける	3	train
How_to速読できるようになる	3	train
How_to毒親の心理的虐待に対処する	4	train
How_to自己の探求	4	train
How_to血液型を調べる	1	train
How_toダッチオーブンを使う	2	train
How_toビタミンEで髪をケアする	2	train
How_toパソコンからハードディスクを取り外す	1	train
How_to両親の離婚に対処する	3	train
How_to議論する	3	train
How_to犬の爪を切る	2	train
How_toアロエベラを育てる	2	train
How_toモルモットを飼育する	4	train
How_toExcelでドロップダウンリストを作成する	2	train
How_to自撮りが上手くなる	3	train
How_to良い親になる	3	train
How_to緊急時に建物から避難する	3	train
How_toアロエベラジェルを取り出す	2	train
How_to魅力的な女性になる	4	train
How_to犬の寄生虫を見分ける	3	train
How_to宿題がしたくなる	1	train
How_toアーモンドオイルを作る	3	train
How_to人の外見を伝える	3	train
How_to自分が同性愛者かどうかを知る	3	train
How_toSiri（シリ）を使いこなす	3	train
How_to好きな人に気持ちを伝える	3	train
How_toアダルトサイトをブロックする	5	train
How_to靴下で人形を作る	3	train
How_to猫との絆を深める	2	train
How_to恋人と別れるべきか知る	4	train
How_toビーフジャーキーを作る	3	train
How_to腹筋を鍛える（十代女子向け）	1	train
How_toビキニラインを美白する	3	train
How_toケンネルコフを治療する	2	train
How_toワサビを栽培する	3	train
How_to外国でおすしを食べる	3	train
How_toアボカドを熟成する	3	train
How_to好きな男の子に話しかける	3	train
How_to餌を食べないカメに対処する	3	train
How_toタイヤを交換する	1	train
How_toローズウォーターを使って肌を美しくする	3	train
How_toスナップチャット（Snapchat）でスクリーンショットを撮る	2	train
How_to炭焼きグリルを使う	1	train
How_toテスト勉強をする	6	train
How_to猫の世話をする	4	train
How_toサビを落とす	8	train
How_to一晩で願いを叶える	3	train
How_to猫にお手を教える	2	train
How_to水を節約する	5	train
How_to自動車タイヤの交換時期を知る	1	train
How_to度（°）記号の入力	4	train
How_to女の子を惹きつける	2	train
How_toコンビニでバイトする	2	train
How_toGmailアカウントなしでYouTubeを使用する	2	train
How_to熱を加えずに髪の毛をストレートにする	3	train
How_to高齢者のケアをする	3	train
How_toボング（水パイプ）を使う	5	train
How_toペアレンタルコントロールを無効にする	8	train
How_to介護施設を選ぶ	2	train
How_toブースターケーブルを取付ける	1	train
How_to話し上手になる	4	train
How_to妊娠したふりをする	2	train
How_to夏の間に肌をケアする	3	train
How_to乳児のしゃっくりを緩和する	4	train
How_to学生をやる気にさせる	2	train
How_to包丁を安全に処分する	2	train
How_to芝生のタンポポを除去する	3	train
How_to初恋の相手を諦める	3	train
How_to彼が本当に愛してくれているか知る	3	train
How_toにんにくの栽培	3	train
How_toカッコよくなる（男性用）	5	train
How_to写真写りを良くする	3	train
How_to魚の生死を確認する	3	train
How_to服に付いたガムを取る	15	train
How_toゴルフクラブをカスタマイズする	3	train
How_toカナダへ移住する	2	train
How_to自然に面白く振る舞う	3	train
How_to原色から茶色を作る	3	train
How_toヒップディップスをなくす	2	train
How_toデイトレードで失敗しない	3	train
How_toブログで収入を得る	3	train
How_toずる休みをする	2	train
How_to停止したフェイスブックアカウントを再開する	2	train
How_to絵の具を混ぜて色を作る	3	train
How_to凧を作る	3	train
How_toしおり・ブックマークを作る	7	train
How_to毛穴の黒ずみを除去する	4	train
How_to速やかに血圧を下げる	3	train
How_to打撲によるあざを早く消す	3	train
How_to友人と絶交する	2	train
How_to素晴らしい生徒になる	4	train
How_toミュースリを楽しむ	2	train
How_toプラグコードの点検	3	train
How_toお酒の酔いを早く覚ます	3	train
How_to笑顔を作る	3	train
How_to筋損傷の治療	3	train
How_toセキセイインコに餌を与える	2	train
How_toカプセルホテルの利用	2	train
How_to交際相手がいる女性の気を引く	3	train
How_toスーパーでバイトする	2	train
How_toアルカリ水を作る	3	train
How_to3次多項式を因数分解する	2	train
How_to説得力のあるエッセイを書く	1	train
How_toゴリラグルーを落とす	3	train
How_to自分への好意に気付く	3	train
How_toヨーガの瞑想を行う	3	train
How_to家の中のアリを駆除する	3	train
How_toおむつの交換	4	train
How_to肺活量を増やす	3	train
How_toタペストリーを壁に掛ける	6	train
How_toLinuxのターミナルでテキストファイルの作成編集を行う	4	train
How_to仮病で仕事を休む	3	train
How_to早く長い髪を手に入れる	4	train
How_to（初心者用）かぎ針編みで帽子を編む	3	train
How_toベタの性別を見分ける	2	train
How_to有名人とデートする	4	train
How_to紙のカゴを作る	2	train
How_toUbuntuのアンインストール	2	train
How_to自分を無視する相手に対処する	4	train
How_to軸付きコーンを作る	3	train
How_to洗濯機を掃除する	3	train
How_toボランティアの仕事を求めて手紙を書く（英文レター編）	3	train
How_toアイラインをきれいに落とす	4	train
How_to胃潰瘍の症状を識別する	2	train
How_to離岸流から脱出する	1	train
How_to髪を究極に速く長く伸ばす	3	train
How_to採用面接を断る	3	train
How_to許しを請う	3	train
How_to毛穴の黒ずみを防ぐ	2	train
How_to一晩でニキビの赤みを取る	3	train
How_to錆や腐食を取り除く	5	train
How_toAdBlockを無効にする	3	train
How_to革の車のシートを直す	4	train
How_to（トランスジェンダー向け）女の子らしく着飾る	2	train
How_to確率の計算	4	train
How_toスイカウォッカを作る	3	train
How_toグーグル・クロームからネット広告を削除する	3	train
How_to果物とヨーグルトでスムージーを作る	4	train
How_to片思いの相手に気持ちを伝える	4	train
How_to猫を描く	4	train
How_to食用油の処理	2	train
How_to友達がゲイかどうか見分ける	3	train
How_to自分の気持ちを表現する	3	train
How_to短期間で中性脂肪を下げる	3	train
How_to自家製の猫駆除剤を作る	5	train
How_toカーペットの赤ワインのシミを取る	5	train
How_toInstagramの画像を保存する	3	train
How_to豊かな人生を送る	3	train
How_toSkypeの表示名を変える	2	train
How_toアパートからゴキブリを駆除する	4	train
How_to手首を鍛え太くする	2	train
How_to起業する	5	train
How_to遠距離恋愛を成功させる	3	train
How_toより速く泳ぐ	3	train
How_toiPad_のiOSソフトウェアを更新する	2	train
How_toお酒に酔わない	3	train
How_toグラム染色をする	3	train
How_to自動車バッテリーの点検	3	train
How_to自己催眠をかける	3	train
How_to子供の頭痛に対処する	4	train
How_to薬品を使わずにノミを退治する	4	train
How_to猫の虫下しをする	4	train
How_toボクシンググローブの手入れをする	3	train
How_to猫に薬を飲ませる	6	train
How_to猫のトイレトレーニングをする	5	train
How_toビールをショットガン飲みする	2	train
How_to紙でヘビを作る	3	train
How_to水槽の掃除をする	2	train
How_toサメから身を守る	3	train
How_to女の子にモテる男になる	3	train
How_to車の内装に付着したグリースとオイルを取り除く	4	train
How_toギターの弦を交換する	2	train
How_to服に付いた体臭を取り除く	3	train
How_to利息を計算する	3	train
How_to蛆の駆除	3	train
How_toゴー・フィッシュを遊ぶ	3	train
How_toラベンダーオイルを作る	2	train
How_toクレープを作る	4	train
How_toオンライン上でお金を稼ぐ	4	train
How_to映画の脚本を書く	3	train
How_to10代にふさわしい体型を手に入れる	3	train
How_toDAWN（ドーン）の食器用洗剤でノミを駆除する	2	train
How_toチアシードの摂取	4	train
How_to英語で俳句を書く	4	train
How_to自分を無視する友達に立ち向かう	2	train
How_toチャーハンを作る	4	train
How_toお尻を叩いて叱る	2	train
How_to自分を愛してくれない人を愛するのをやめる	4	train
How_toウォータースライダーを手作りする	3	train
How_to背中の脂肪を落とす	2	train
How_toオオスズメバチを駆除する	3	train
How_to助けを求める	3	train
How_toおにぎりを作る	1	train
How_to愛する	3	train
How_to姉妹と仲良くする	3	train
How_toアロエベラを葉から育てる	3	train
How_toスライムを手作りする	3	train
How_toホウ砂を使わずにスライムを作る	4	train
How_to発情期の猫を見分ける	2	train
How_to声に磨きをかける	4	train
How_to情熱的なキスをする	3	train
How_toYouTubeでの効果的なネーミング	1	train
How_toWindows_7をインストールする_（初心者向け）	6	train
How_toブドウを栽培する	2	train
How_to顔のシミを消す	4	train
How_to人生の目標を定める	3	train
How_to終活を進める	2	train
How_to恋に落ちるのを避ける	3	train
How_toホワイトボードを綺麗にする	2	train
How_to銃に撃たれないようにする	4	train
How_to妊娠中に減量する	2	train
How_to赤ちゃんが朝まで眠る	3	train
How_to携帯電話を使ってノートパソコンをインターネットに接続する	4	train
How_toFacebookで自分のプロフィールへの訪問者を確認する	2	train
How_toアイロン接着アップリケ・ワッペンをつける	3	train
How_toコンクリートの錆びを落とす	3	train
How_to雌犬が繁殖期に達しているかどうかを見極める	3	train
How_to傷んだ卵を見極める	3	train
How_to肩部のストレッチをする	2	train
How_toYouTubeで有名になる	3	train
How_toAndroid端末からSDカードへ写真を移動する	2	train
How_to自分の魅力を引き出す服を選ぶ（女子用）	1	train
How_toヒマワリの種を蒔く	3	train
How_to動画を回転させる	4	train
How_toデンタルフロスを使う	1	train
How_to優秀な生徒になる	3	train
How_to夜光塗料を作る	2	train
How_toYouTubeに動画をアップロードする	3	train
How_toシャンパンボトルを開ける	2	train
How_to牛乳を飲んで健康になる	1	train
How_to普通に暮らす	2	train
How_to財布をなくした時の対処	3	train
How_to良い成績を取る	6	train
How_to幸せな恋愛関係を築く	2	train
How_to髪を短く切り過ぎた時の対処	3	train
How_to折り紙で箱を作る	2	train
How_toゼラニウムを育てる	2	train
How_to舌でさくらんぼの柄を結ぶ	3	train
How_to数学が得意になる	3	train
How_toパートで働く	3	train
How_to子供の創造力を伸ばす	3	train
How_to人に無視されている時の対処	3	train
How_toベビーシッターを見つける	3	train
How_to釘を使わずに壁に棚を取り付ける	2	train
How_toコマンドプロンプトでファイルをコピーする	4	train
How_toビジネスカジュアルの服装を選ぶ	3	train
How_to標準偏差を計算する	3	train
How_to重層で歯を白くする	2	train
How_to自分の前で緊張する男性が自分に好意を持っているかを判断する	3	train
How_to1週間で色つやの良い肌にする	4	train
How_to映画評論を書く	3	train
How_to将来お金持ちになる	3	train
How_toテキストメッセージを使用してデートに誘う	4	train
How_toコーヒーメーカーを使う	3	train
How_to捻挫の処置	3	train
How_to男性からの誘いに答える	3	train
How_to聴診器を使う	7	train
How_toJello（ゼリー）にフルーツを入れてデザートを作る	4	train
How_to美しく滑らかで艶やかなストレートヘアを手にいれる	3	train
How_toPDFファイルを作成する	4	train
How_toラベンダーを収穫する	2	train
How_to胸筋を大きく鍛える	3	train
How_to志望理由書を書く	3	train
How_toカタツムリにエサをやる	2	train
How_toADHDの子供を育てる	4	train
How_toスイカを栽培する	3	train
How_to口を描く	4	train
How_to自然の力でネズミを駆除する	3	train
How_to切り花を長持ちさせる	3	train
How_to死者と会話をする	3	train
How_toラップの歌詞を書く	1	train
How_to傷心の友達を癒す	3	train
How_to勝手に沈むオフィスチェアを修理する	2	train
How_toテキストメッセージで女子をデートに誘う	3	train
How_to新年を気持ちよく始める	4	train
How_toYouTube動画をダウンロードする	3	train
How_toタバコを嗜む	4	train
How_to豚ヒレ肉の直火焼き	4	train
How_toプレゼントをラッピングする	4	train
How_to寂しさの取り扱い	4	train
How_toハトを追い払う	3	train
How_to手書きが上手くなる	2	train
How_to家の中のペットの臭いをとる	3	train
How_to猫を連れて車で移動する	2	train
How_to鶏肉を解凍する	3	train
How_to非常用持ち出し袋を準備する	3	train
How_toGmailを送信者別に整理する	2	train
How_toポケットビリヤードを楽しむ	2	train
How_toクルミを植える	3	train
How_to抗生剤による腹痛を防ぐ	2	train
How_toノートパソコンを水濡れトラブルから救う	1	train
How_toスーパーブレインヨガを実践する	3	train
How_to年金を受給する	4	train
How_to別れた恋人とよりを戻す	3	train
How_toクールホイップのアイシングを作る	7	train
How_toベーコンが傷んでいるか判断する	3	train
How_to第二言語の英語を初心者に教える	3	train
How_toすぐに涙を出す	3	train
How_toビタミンC摂取量を増やす	3	train
How_to彼氏がいることを両親に打ち明ける	4	train
How_to紙ビーズを作る	3	train
How_toハグを上手にする	3	train
How_toカーフィルムを剥がす	5	train
How_toアリを駆除する	3	train
How_to金持ちになる	3	train
How_toスパゲッティを作る	3	train
How_to自分について書く	4	train
How_toJPGをPDFに変換する	4	train
How_to酢を使ってシャワーヘッドを洗浄する	2	train
How_to家の中にハコガメの飼育環境を作る	3	train
How_toコミュニケーション能力を高める	3	train
How_to誕生日のお祝いに応える	3	train
How_to服に染みついた血を落とす	5	train
How_to大晦日に年越しまで寝ない	3	train
How_to両親に妊娠を伝える	2	train
How_to体脂肪を燃やす	4	train
How_toYouTubeの「場所」設定を変更する	1	train
How_to鬱陶しい兄弟を止める	4	train
How_to幼児の熱を下げる	2	train
How_to髪のホットオイルトリートメント	1	train
How_to帰宅恐怖症を改善する	3	train
How_to夜間に家をこっそり抜け出す	3	train
How_to恋の駆け引きをする（ティーンエイジャー向け）	3	train
How_toシャンプーと歯磨き粉だけでスライムを作る	3	train
How_toなくした物を見つける	4	train
How_toGoogleドキュメントでPDFを編集する	1	train
How_toポップアップカードを作る	2	train
How_to飛行機で寝る	2	train
How_toヒトジラミに対処する	2	train
How_toヨガで背骨を柔らかくする	3	train
How_to花火の時に犬をなだめる	3	train
How_to紙鉄砲を作る	3	train
How_to胃潰瘍の治療	3	train
How_to妊娠を判断する	3	train
How_toパソコンからInstagramに写真を投稿する	3	train
How_toフロスティングを作る	7	train
How_to酢を作る	4	train
How_to男の子を落とす	4	train
How_to部屋の天井を高く見せる	3	train
How_to除毛クリームを使う	2	train
How_toジーンズについた血液のシミを落とす	4	train
How_to論文・レポートの付録を書く	3	train
How_to睡眠不足を解消する	3	train
How_toExcelで非表示になっている行を再表示する	3	train
How_toアクリルガッシュ絵具で絵を描く	1	train
How_to仕事を早く見つける	3	train
How_to自分のモチベーションを高める	3	train
How_toヤドカリを飼う	2	train
How_to謙虚になる	3	train
How_to後方宙返り（バク宙）をする	4	train
How_to友達を恋人にする	1	train
How_to配偶者の浮気の証拠をつかむ	4	train
How_to自家製キャンドルを作る	3	train
How_to喧嘩をする	3	train
How_to猫が庭で排泄するのを防ぐ	3	train
How_to夜間に咳を止める	3	train
How_to「ヘルズ・キッチン～地獄の厨房」で食事をする（米国内向け）	2	train
How_toiPhoneのデータ使用量を確認する	1	train
How_toケープを作る	4	train
How_to飼い猫の年齢を知る	4	train
How_top値を計算する	1	train
How_to髪に付いた塩素を落とす6つの	6	train
How_to関数の定義域を求める	6	train
How_to足やつま先のしびれを治す	3	train
How_to内ももを引き締める	4	train
How_toスキーをする	5	train
How_to女の子に好印象を与える	2	train
How_toろうそくの芯を手作りする	3	train
How_toキーボードを使って「貼り付け」する	1	train
How_to着信拒否を設定する	8	train
How_to勉強と仕事を両立する	5	train
How_to「砂時計型」の体型を手に入れる	4	train
How_to絵具で紫色を作る	2	train
How_toブラウザのクッキーを有効にする	8	train
How_to包皮環状切除を受ける	3	train
How_to透明な氷を作る	4	train
How_toGmailアカウントを作成する	2	train
How_toプラスチックレンズの眼鏡の傷を取り除く	2	train
How_toケーキを作る	4	train
How_toマニキュアを早く乾かす	2	train
How_to健康に気をつける	4	train
How_toお花紙で花を作る	3	train
How_toオーラを見る	3	train
How_to絵具で黒を作る	3	train
How_to皮膚に付着した瞬間接着剤を剥がす	2	train
How_toダイヤモンドの真贋を見分ける	5	train
How_toアイスコーヒーを作る	2	train
How_to子猫をお風呂に入れる	3	train
How_toヒマワリを鉢植えで育てる	5	train
How_to赤ちゃん連れ旅行の準備をする	3	train
How_toボールペンのインク染みを落とす	6	train
How_toリボンのほつれを防ぐ	3	train
How_to独りで幸せに暮らす	2	train
How_to介護疲れの解消	2	train
How_toビットコインを購入する	6	train
How_toGoogle_Chromeのアンインストール	4	train
How_toバナナを栽培する	4	train
How_to写真写りが良くなる	2	train
How_to玄米を炊く	4	train
How_toレズビアンになる	3	train
How_toオリンピックをオンラインで観戦する	5	train
How_toエクササイズする	6	train
How_to缶切りを使わずに缶詰を開ける	4	train
How_toSDカードの書き込み禁止を解除する	1	train
How_to失くした物を見つける	3	train
How_toタイルの目地をきれいにする	4	train
How_toワインボトルのラベルを剥がす	4	train
How_to自分が酔っているかどうかを知る	4	train
How_to豚すね肉を調理する	3	train
How_to牛乳で髪をストレートにする	1	train
How_toアニメーションを作る	6	train
How_toニキビの赤みを抑える	3	train
How_toコールド・ポーセリン（樹脂粘土）を作る	3	train
How_to授乳期に減量する	4	train
How_to犬を飼う	5	train
How_to会社の飲み会を避ける	3	train
How_toシールを作る	4	train
How_toNetflixのアカウントを作成する	3	train
How_toiPadにアプリをインストールする	2	train
How_to学習計画を立てる	3	train
How_to葬儀に出席する際の服装を選ぶ	3	train
How_to日焼け止めを塗る	3	train
How_toアロエベラを剪定する	2	train
How_to正しくプランク運動を行う	2	train
How_toトコジラミを退治する	4	train
How_to鶏の性別を見分ける	3	train
How_to泳いだ後に目が痛くならない	3	train
How_toチャクラを開く	1	train
How_to未来の自分に手紙を書く	3	train
How_to居候している友人や親せきに出て行ってもらう	3	train
How_toパンを作る	3	train
How_toGoogle_Docsを使ってパンフレットを作る	2	train
How_to側転をする	3	train
How_to双子が生まれる確率を高くする	3	train
How_to家出をする	4	train
How_toはつらつとしたバストを作る	2	train
How_to機内持ち込み用手荷物を詰める	2	train
How_to悪態をつくのをやめる	3	train
How_to植物を健やかに育てる	3	train
How_to車のサビを落とす	2	train
How_to蒸留水を作る	3	train
How_to結婚式で挨拶をする	3	train
How_to衣類のプリントを取り除く	2	train
How_to父の日を祝う	3	train
How_toNIKEのニセモノを見抜く	2	train
How_toクリスマスイブに眠りにつく	4	train
How_to出会い系サイトで成功する	1	train
How_toツタを取り除く	4	train
How_toジーンズでお腹の肉を隠す	2	train
How_to体積を求める	4	train
How_to陰口を叩く人に対処する	3	train
How_toゴキブリの駆除	5	train
How_to水を煮立たせる	4	train
How_to爪を噛むのをやめる	6	train
How_toスニーカーのサイズを広げる	3	train
How_to革を染める	3	train
How_to錠を壊す	4	train
How_to垂れた胸を上向きにする	3	train
How_toハチを駆除する	3	train
How_toジャガイモを湯がく	3	train
How_to自動車バッテリーの取外し	1	train
How_to美しく輝く肌を手に入れる	3	train
How_toプロらしく電話応対する	3	train
How_toパン生地の発酵を早める	4	train
How_toペットボトルからワイヤーを作る	1	train
How_to調子を聞かれた時に正しく答える	3	train
How_toダンスエアロを楽しむ	3	train
How_to姿勢を良くする	4	train
How_toSnapchatで送受信したスナップの数を確認する	1	train
How_toスパークプラグのギャップ（すきま）を調整する	2	train
How_toポケモンカードで遊ぶ	4	train
How_toかみすぎて痛くなった鼻の症状を緩和する	2	train
How_to腹筋運動を行う	3	train
How_to自閉症の子供を落ち着かせる	3	train
How_toスケッチを描く	2	train
How_toYouTube動画の指定した再生時間をリンクする	1	train
How_toバタークリームアイシングを作る	4	train
How_to航空券の予約を確認する	5	train
How_toアボカドを上手に選ぶ	3	train
How_to便を我慢する	3	train
How_toフェイスブックに問い合わせる	5	train
How_to鼻のテカリをなくす	3	train
How_toピザを作る	3	train
How_toデートの誘いを優雅に断る	3	train
How_to妊娠による不快症状に対処する	4	train
How_toPDFのパスワードを解除する	3	train
How_toパソコンがハッキングされているかを調べる	2	train
How_toソニックシリーズのキャラクターを描く	4	train
How_toくしゃみを止める	3	train
How_toバッテリーの腐食汚れを落とす	2	train
How_to素手の喧嘩に強くなる	2	train
How_toお腹の脂肪を１週間で落とす	3	train
How_to姑・義母とうまくつき合う	3	train
How_toバタフライで泳ぐ	2	train
How_toシマナンヨウスギを育てる	4	train
How_to池の藻を除去する	3	train
How_toGoogle_Chromeをアップデートする	3	train
How_to犬の歯を磨く	3	train
How_to美味しいパーティ用カクテルパンチを簡単に作る	3	train
How_toテレフォンセックスをする	2	train
How_to論文の要旨を書く	3	train
How_toクオーツのカウンタートップを手入れする	3	train
How_toタバコの煙で輪っかを作る	3	train
How_toロマンチックなピクニックを計画する	3	train
How_to犬のトイレトレーニングをする	3	train
How_to爪を速く伸ばす	2	train
How_toテラリウムを作る	3	train
How_toメガネの洗浄	3	train
How_to乗物酔いを抑える	2	train
How_toヘチマスポンジを使う	2	train
How_to家からダニを一掃する	3	train
How_toLANケーブルで2台のパソコンを接続する	2	train
How_to眼性片頭痛の治療	3	train
How_to物事を決定する	4	train
How_toコンクリートを仕上げる	3	train
How_to顔を描く	2	train
How_toクラミジアの症状を見分ける（女性用）	3	train
How_toミチェラーダを作る	2	train
How_toウサギを呼んだら来るようにしつける	2	train
How_to美顔ローラーを手入れする	3	train
How_to普段の日のシンプルなメイクをする	3	train
How_to引越しの挨拶をする	4	train
How_toラベンダーを育てる	3	train
How_to便秘をマッサージで治す	2	train
How_to喉をすっきりさせる	4	train
How_to母親を説得する	3	train
How_to手動で血圧を測定する	4	train
How_toプレスリリースを書く	2	train
How_to髪にコンディショナーを付ける	3	train
How_to高齢者の運動	3	train
How_toシマウマを描く	2	train
How_toスーツケースのロックの暗証番号を設定する	3	train
How_to兄弟に優しく接する	5	train
How_toバレットジャーナルを始める	3	train
How_to彼が浮気をしているかを見分ける	4	train
How_to蘭を育てる	3	train
How_toモルモットを楽しませる	4	train
How_to家庭ごみを管理する	3	train
How_toアニメキャラの髪を描く	6	train
How_to剥がれた合成皮革を修復する	3	train
How_toYouTubeからログアウトする	3	train
How_to体重を増やす（女性向け）	3	train
How_to育児後に再就職をする	4	train
How_to利益を計算する	2	train
How_to猫背を治す	4	train
How_to片思いの相手の気を引く	3	train
How_to全身をマッサージする	3	train
How_toマインドフルネスを練習する	3	train
How_to英語でリマインダーEメールを書く	3	train
How_to子犬のしつけ	4	train
How_toアリを殺虫剤なしで殺傷する	4	train
How_to偽造アメリカ紙幣を見分ける	4	train
How_toリカバリーディスクを使わずにWindows_7を再インストールする	3	train
How_to犬に好かれる	3	train
How_to心の浮気を見抜く	4	train
How_toうさぎの年齢を見分ける	3	train
How_toまったくの初心者がヨガを始める	1	train
How_to背中をほぐす	3	train
How_toMacでIPアドレスを確認する	5	train
How_toユーザーマニュアルを作る	3	train
How_to熱を使わずに髪をカールする	8	train
How_to核攻撃から身を守る	2	train
How_to体内水分量を減らす	2	train
How_to足指骨折の治療	4	train
How_toフランス語で「お誕生日おめでとう」を言う	3	train
How_to２日で体重を落とす	3	train
How_to拒食症あるいは拒食症の兆候と向き合う	3	train
How_toSnapchatのユーザー名を変更する	3	train
How_toコンセプトペーパー（企画書）を書く	3	train
How_toUberの利用	2	train
How_to自然に身長を伸ばす	2	train
How_toお金を賢明に用いる	4	train
How_to仏教徒になる	3	train
How_toドワーフハムスターを飼育する	4	train
How_toテニスのサーブ	2	train
How_toピクショナリーで遊ぶ	3	train
How_toピアスホールの細菌感染の治療	3	train
How_to結び目飾りのフリースブランケットを作る	1	train
How_toGmailを使ってメールを送信する	2	train
How_to自分の顔のかたちを知る	3	train
How_toカーリングの得点	4	train
How_to夢を思い出す	3	train
How_to2週間でお腹周りの脂肪を落とす	3	train
How_to3週間で彼氏を作る	3	train
How_to飛行機の墜落事故から生き延びる	3	train
How_to坂道に駐車する	2	train
How_to母親に外出の許可を取る	3	train
How_toアリが家の中に侵入するのを防ぐ	4	train
How_to生理を早める	3	train
How_toピザストーンを使用する	4	train
How_toビキニが似合う身体になる	5	train
How_toエグゼクティブサマリーを書く	2	train
How_toアイラインを上手に引く	5	train
How_to首を鳴らす	6	train
How_toFacebookをやめる	2	train
How_to背中のコリをほぐす	3	train
How_to腕を太くする	3	train
How_toフェイスブックで女の子とおしゃべりする	2	train
How_to男の子にキスする	3	train
How_to足の水ぶくれの処置と予防	4	train
How_toはたけカカシのように振る舞う	1	train
How_to英語のHoweverを使う	3	train
How_to円の直径を算出する	2	train
How_to定年後の趣味を探す	2	train
How_toオートマチック車の運転	3	train
How_toやると決めたことを確実に続ける	3	train
How_toヘッドライトのレンズをきれいにする	3	train
How_to女の子をものにする	3	train
How_to花の絵を描く	7	train
How_toニキビ取り器具を使う	2	train
How_to産後の抜け毛を防ぐ	2	train
How_to妻を喜ばせる	2	train
How_to犬をしつける	13	train
How_to魅力的な身体を手に入れる	2	train
How_to片思いの相手にメールやLINEを送って会話をする	3	train
How_toパソコンにBluetoothが搭載されているかを確認する	2	train
How_toアドボの調理	3	train
How_toフクロモモンガを飼育する	3	train
How_toテレパシー能力を高める	3	train
How_toマンガを描く	3	train
How_to赤ニキビを治す	3	train
How_toトウモロコシを丸ごと電子レンジで調理する	2	train
